No.,Công ty,Chức danh,Người liên hệ,SĐT,Liên Hệ,Email,Liên Hệ mail,Địa chỉ,Lương,Ngày đăng,Hạn tuyển,Check gửi,Last Subject,Last Body HTML,Trạng thái Reply,Lần Follow-up,Ngày Follow-up gần nhất,Mailbox đã dùng,Category
1,Dzīvas Zivis,,,'28224393,http://akvaagro.lv/,info@khancaviar.eu,,"LV-2121, Augšrūķu iela 17-19, Salaspils, Salaspils pagasts, LV-2118, Latvija",,,,,,,,0,,,Trại cá
2,Amfi Top Aqua Farming LTD,,,'4791380556,https://www.amfitopaqua.com/?utm_source=google&utm_medium=wix_google_business_profile&utm_campaign=4667022400769386544,svein@furstenberg.no,,"Lāčplēša iela 75B, Riga Riga, Vidzeme, LV-1011, Latvija",,,,,,,,0,,,Trại cá
3,Avis D,,,'65474352,http://avis-d.lv/,avis.zivis@gmail.com,,"Kalkūnes iela 21, Daugavpils, LV-5449, Latvija",,,,,,,,0,,,Công ty chế biến cá
4,"DOLE, zivju audzētava",,,'29468110,https://www.bior.lv/,bior@bior.lv,,"Dolessala Salaspils novads Doles, sala, LV-2118, Latvija",,,,,,,,0,,,Trại nuôi trồng thủy sản
5,"""Bidfood Latvia"" SIA, noliktava",,,'27679411,http://www.bidfood.lv/,info@bidfood.lv,,"Jauntrenči, Eimuri, Ādažu pagasts, LV-2164, Latvija",,,,,,,,0,,,Công ty chế biến cá
6,Baltijas zivis - 97 SIA,,,'64065175,http://www.bz97.lv/,baltijaszivis97@apollo.lv,,"Baltijas zivis - 97, Mandegas, Skultes pagasts, LV-4025, Latvija",,,,,,,,0,,,Nhà sản xuất
7,Cavr,,,'20220440,https://www.cavr.lv/,info@cavr.lv,,"Matrožu iela 7a, Kurzemes rajons, Rīga, LV-1048, Latvija",,,,,,,,0,,,Trại cá
8,DivZiv,,,'29210662,http://www.divziv.lv/,zigis@gammar.lv,,"Elza, Kaltene, Rojas pagasts, LV-3200, Latvija",,,,,,,,0,,,Trại cá
9,"SIA ""Kaltenes zivis""",,,'20201250,http://www.facebook.com/KaltenesZivis,kaltenes.zivis@inbox.lv,,"Elzas 1, Kaltene, Rojas pagasts, Talsu novads, LV-3264, Latvija",,,,,,,,0,,,Công ty chế biến cá
10,Ērika Rāvas zemnieku saimniecība,,,'29249390,https://www.facebook.com/ZivisnoErikaRavaszs,stagari1@inbox.lv,,"Stagari, Durbes pagasts, Dienvidkurzemes novads, LV-3445, Latvija",,,,,,,,0,,,Trại nuôi trồng thủy sản
11,FISH OK LTD,,,'26338050,http://www.fishok.lv/,info@fishok.lv,,"Zivju fabrika, Rude, Talsi province, Talsu novads, LV-3264, Latvija",,,,,,,,0,,,Nhà sản xuất
12,"Vilattrans , SIA",,,'67901108,http://foodbank.lv/,info@mdm.lv,,"Silezera 17, Silakrogs, Ropažu pagasts, Ropažu novads, LV-2133, Latvija",,,,,,,,0,,,Nhà máy đồ hộp
13,Gamma-a,,,'67615142,http://www.gamma-a.lv/,info@gamma-a.lv,,"Traleru iela 30, Ziemeļu rajons, Rīga, LV-1030, Latvija",,,,,,,,0,,,Nhà máy đồ hộp
14,"SIA ""Silverfish""",,,'29576262,http://www.hanters.eu/,info@hanters.eu,,"Vānes iela, Liepāja, LV-3405, Latvija",,,,,,,,0,,,Công ty chế biến cá
15,"Skrunda, SIA",,,'29991848,https://infolapa.zl.lv/skrunda-sia,zivsaimnieciba@apollo.lv,,"Zivsaimniecība, Rūnaiši, Skrundas pagasts, Kuldīgas novads, LV-3326, Latvija",,,,,,,,0,,,Trại cá
16,Kaigo,,,'25408555,http://www.kaigo.lv/contact-us/,kaigo@kaigo.lv,,"Braslas iela 22D, Vidzemes priekšpilsēta, Rīga, LV-1084, Latvija",,,,,,,,0,,,Nhà bán buôn hải sản
17,Kalnpuru Zivis,,,'25139866,http://www.kalnpuruzivis.lv/,unakalnpure@gmail.com,,"Klusā iela 3, Ragaciems, Lapmežciema pagasts, Tukuma novads, LV-3118, Latvija",,,,,,,,0,,,Công ty chế biến cá
18,"KARAVELA, SIA",,,'67496400,http://karavela.lv/,kaija@kaija.lv,,"Atlantijas iela 15, Ziemeļu rajons, Rīga, LV-1015, Latvija",,,,,,,,0,,,Công ty chế biến cá
19,Kaviale SIA,,,'23999793,https://kaviale.lv/e-veikals/,veikals@kaviale.lv,,"Kauguru iela 9, Zemgales priekšpilsēta, Rīga, LV-1046, Latvija",,,,,,,,0,,,Trại cá
20,"KH Select , SIA",,,'67996692,https://www.khselect.lv/lv/kontakti,info@khselect.lv,,"Muižas iela 18, Ādaži, Ādaži pilsēta, Ādažu novads, LV-2164, Latvija",,,,,,,,0,,,Công ty chế biến cá
21,"Mauriņi - S, SIA, Karsti un auksti kūpinātas zivis no Ragaciema",,,'29374291,https://www.kupinatas-zivis.lv/,info@kupinatas-zivis.lv,,"Laivu iela 24, Ragaciems, Lapmežciema pagasts, Tukuma novads, LV-3118, Latvija",,,,,,,,0,,,Công ty chế biến cá
22,Kurzemes zivis,,,'29263607,http://kurzemeszivis.lv/,zivis@anzage.lv,,"Vēži, Pelču pagasts, LV-3322, Latvija",,,,,,,,0,,,Trại cá
23,"""Lotana"", SIA",,,'28444805,http://lotana.lv/,info@lotanalv.lv,,"Viskaļu iela 3, Vidzemes priekšpilsēta, Rīga, LV-1026, Latvija",,,,,,,,0,,,Nhà bán buôn hải sản
24,"SIA ""MOTTRA""",,,'26174575,https://www.mottra.lv/,info@mottra.lv,,"Laminas, Katlakalns, LV-2111, Latvija",,,,,,,,0,,,Trại cá
25,SIA Zibs,,,'29654756,http://www.negi.lv/,info@negi.lv,,"Šosejas iela 15, Carnikava, Carnikavas pagasts, Ādažu novads, LV-2163, Latvija",,,,,,,,0,,,Công ty chế biến cá
26,Oniors zivis,,,'65440465,https://www.oniors.lv/,oniors_zivis@inbox.lv,,"Zeļinska iela 20, Daugavpils, LV-5410, Latvija",,,,,,,,0,,,Công ty chế biến cá
27,OSTBALTFISH Ltd,,,'63426054,http://www.ostbaltfish.lv/contacts.php?lang=lv,info@ostbaltfish.lv,,"Friča Brīvzemnieka iela, Liepāja, LV-3401, Latvija",,,,,,,,0,,,Công ty chế biến cá
28,SIA “Poriņu Dārzniecība”,,,'29343504,http://www.porinudarznieciba.lv/,porinu.darznieciba@gmail.com,,"Darzniecība, Saraiķi, Vērgales pagasts, LV-3462, Latvija",,,,,,,,0,,,Trại nuôi trồng thủy sản
29,"Queen Harbour, Sia Royal Nordic",,,'27774482,https://www.queenharbour.com/,info@qharbour.com,,"Bukaišu iela 2, Zemgales priekšpilsēta, Rīga, LV-1004, Latvija",,,,,,,,0,,,Công ty chế biến cá
30,I/K Reinis B kūpinātas zivis,,,,http://www.reinazivis.lv/,reinazivis@inbox.lv,,"Gatera iela 6, Lapmežciems, Lapmežciema pagasts, Tukuma novads, LV-3118, Latvija",,,,,,,,0,,,Công ty chế biến cá
31,"Roja F.C.T. , SIA",,,'63291160,http://www.rojafct.lv/,andisfct@gmail.com,,"Raiņa iela 10, Valdemārpils, Valdemārpils pilsēta, Talsu novads, LV-3260, Latvija",,,,,,,,0,,,Nhà máy đồ hộp
32,"Sātiņi-S, zivju audzētava",,,'29415287,https://satinuzivis.mozello.lv/,satini.zivis@gmail.com,,"Sātiņu kantora māja, Saldus, Novadnieku pagasts, Saldus novads, LV-3880, Latvija",,,,,,,,0,,,Trại cá
33,"Salas zivis, SIA",,,'67073611,https://salas-zivis.com/,info@salas-zivis.com,,"Lidoņu iela 6C, Kurzemes rajons, Rīga, LV-1055, Latvija",,,,,,,,0,,,Nhà bán buôn hải sản
34,Akva Ferma,,,'26785118,https://uzv.su/akvaferma/,info@catfish.lv,,"Dainas, Salaspils pag, Salaspils nov, Salaspils, LV-2121, Latvija",,,,,,,,0,,,Trại cá
35,SIA MSDM,,,'25121578,https://www.uzkodulaiks.lv/,uzkodulaiks@gmail.com,,"Silmaļu iela 19, Salaspils, Salaspils pilsēta, Salaspils novads, LV-2121, Latvija",,,,,,,,0,,,Nhà bán buôn hải sản
36,Zivju māja Skangaļi,,,'25707979,http://zivjumaja.lv/,skangaluzivis@gmail.com,,"Skangaļi, Liepas pagasts, Cēsu novads, LV-4128, Latvija",,,,,,,,0,,,Trại cá
37,"Gundegas IP, IU",,,'29413089,,,,"Vecgaujas iela 20, Vecgaujas 20, Carnikavas pagasts, Ādažu novads, LV-2163, Latvija",,,,,,,,0,,,Công ty chế biến cá
38,DTRIM Grupp LV,,,'20039259,,,,"Traleru iela 32, Ziemeļu rajons, Rīga, LV-1030, Latvija",,,,,,,,0,,,Công ty chế biến cá
39,TheFish.lv,,,'27060599,,,,"Robežnieku iela 7, Mārupe, Mārupe pilsēta, Mārupes novads, LV-2167, Latvija",,,,,,,,0,,,Công ty chế biến cá
40,"SIA ""VIDO"" zivju produkcijas ražošanas uzņēmums",,,'63487746,,,,"Nākotnes iela 22, Liepāja, LV-3402, Latvija",,,,,,,,0,,,Công ty chế biến cá
41,"Krupis, SIA",,,'26378048,,,,"Zvejnieku iela 22, Carnikava, Carnikavas pagasts, Ādažu novads, LV-2163, Latvija",,,,,,,,0,,,Công ty chế biến cá
42,"""Jūraslīcis""",,,,,,,"Bulduru prospekts 139, Jūrmala, LV-2010, Latvija",,,,,,,,0,,,Nhà máy đồ hộp
43,"Zvejnieku kolhozs ""Uzvara"" / ""Jūraslīcis""",,,,,,,"Lašu iela 13, Jūrmala, LV-2010, Latvija",,,,,,,,0,,,Nhà máy đồ hộp
44,Ciemupes zivju dīķi,,,'29267606,,,,"Priežu iela, Ciemupe, Ogresgala pagasts, Ogres novads, LV-5041, Latvija",,,,,,,,0,,,Trại cá
45,Zivs uz ledus,,,'29129951,,,,"Jaunciedras, Ropaži, Ropažu pagasts, Ropažu novads, LV-2135, Latvija",,,,,,,,0,,,Trại nuôi trồng thủy sản
46,Akva Systems Ltd,,,'26686172,,,,"Kalniešu pagasts, Krāslavas novads, LV-5660, Latvija",,,,,,,,0,,,Trại nuôi trồng thủy sản
47,Z/S Pavāri,,,,,,,"Grenctāles pienotava, Brunavas pagasts, Bauskas novads, LV-3907, Latvija",,,,,,,,0,,,Trại nuôi trồng thủy sản
48,"LIEPĀJAS ZIVJU KONSERVU RŪPNĪCA , A/S",,,,,,,"Liepāja, LV-3401, Latvija",,,,,,,,0,,,Nhà sản xuất
49,"Bauskas konservi, SIA",,,'26511343,,,,"Selani, Uzvara, LV-3931, Latvija",,,,,,,,0,,,Nhà máy đồ hộp
50,Zivis - Fish Seller,,,,,,,"Sudrabkalni, Mazirbe, Kolkas pagasts, Talsu novads, LV-3275, Latvija",,,,,,,,0,,,Trại cá
51,Pure Fish SIA,,,'29230400,,,,"Gravu dzirnavezers Gravas, Pūres pagasts, LV-3124, Latvija",,,,,,,,0,,,Trại cá
52,Bij. Valdemārpils zivju mazuļu audzētava,,,,,,,"Silkrasti Plus, Ārlavas pagasts, Talsu novads, LV-3260, Latvija",,,,,,,,0,,,Trại cá
53,La Trota,,,'26587402,,,,"CF52+WM, Sarkaņi, Liepas pagasts, Cēsu novads, LV-4128, Latvija",,,,,,,,0,,,Trại cá
54,Alūksnes novadā Ziemeru pagasts,,,,,,,"Jaunpiecāni, Kalsnavas pagasts, Madonas novads, LV-4860, Latvija",,,,,,,,0,,,Trại cá
55,Bij. Pitraga Zivju pārstrādes cehs,,,,,,,"Kukšupītes, Pitrags, Kolkas pagasts, Talsu novads, LV-3275, Latvija",,,,,,,,0,,,Công ty chế biến cá
56,Dižjūras zivis,,,,,,,"Kūvali, Lūžņa, Tārgales pagasts, Ventspils novads, LV-3601, Latvija",,,,,,,,0,,,Công ty chế biến cá
57,Agro Holding Vidzeme,,,,,,,"Vidusģūģeri, Vaives pagasts, Cēsu novads, LV-4136, Latvija",,,,,,,,0,,,Trại nuôi trồng thủy sản
58,"Kārļi, Zivju audzētava",,,'64129452,,,,"Drabešu pagasts, Cēsu novads, LV-4139, Latvija",,,,,,,,0,,,
59,Zentenes Zivju Kombināts,,,'25982439,http://konservi.ru/,,,"Lastādijas iela 20-2, Latgales priekšpilsēta, Rīga, LV-1050, Latvija",,,,,,,,0,,,Pārtikas ražotājs
60,"Sia ""Dagi"" zivju pārstrādes cehs",,,,,,,"Unnamed Road, Lēdmane, Lēdmanes pagasts, Ogres novads, LV-5011, Latvija",,,,,,,,0,,,Nhà sản xuất
61,"Kaija ZS , kooperatīvā sabiedrība, Laivu novietne",,,'29682663,,,,"Ezermalas iela 4, Liepāja, LV-3401, Latvija",,,,,,,,0,,,Công ty chế biến cá
62,Baņķis,,,'26455519,,,,"Pērnavas iela 55, Salacgrīva, Salacgrīva pilsēta, Limbažu novads, LV-4033, Latvija",,,,,,,,0,,,Công ty chế biến cá
63,"SIA ""Nidaros Seafood Latvia""",,,'28936462,,,,"Miera iela 3, Roja, Rojas pagasts, Talsu novads, LV-3264, Latvija",,,,,,,,0,,,Công ty chế biến cá
64,Zivju saldētava,,,,,,,"Talsu iela 200, Ventspils, LV-3601, Latvija",,,,,,,,0,,,Nhà sản xuất
65,CEA Farm SIA,,,'25703358,https://www.ceafarming.com/,,,"Vecozoli, k-11, Zaķumuiža, Ropažu novads, LV-2133, Latvija",,,,,,,,0,,,Trại nuôi trồng thủy sản
66,"Grīva, SIA",,,'29546946,https://infolapa.zl.lv/griva-sia/,,,"Lielais prospekts 18-60, Ventspils, LV-3601, Latvija",,,,,,,,0,,,Nhà bán buôn hải sản
67,"Roze GV, SIA",,,'64120449,http://www.rozegv.lv/,,,"Eduarda Veidenbauma iela 12, Cēsis, Cēsis pilsēta, Cēsu novads, LV-4101, Latvija",,,,,,,,0,,,Nhà bán buôn hải sản
68,JSC Ventspils ZKK,,,'25448265,http://www.vzkk.lv/,,,"Enkuru iela 12, Ventspils, LV-3601, Latvija",,,,,,,,0,,,Công ty chế biến cá
69,AK Zivs ražotne,,,,,,,57.4708089,,,,,,,,0,,,
70,"Rēzeknes piena konservu rūpnīca , SIA",,,,,,,56.9604591,,,,,,,,0,,,
71,Mari Magno SIA,,,,,,,56.9324509,,,,,,,,0,,,
72,IK Garda Zive,,,,,,,57.7434787,,,,,,,,0,,,
73,Amberfish,,,'10,,,,56.9630691,,,,,,,,0,,,
74,Akva Agro,,,'48,25,,,56.8916377,,,,,,,,0,,,
75,Khan Caviar,,,'27,,,,57.0054878,,,,,,,,0,,,
