name,email,website,phone,address,member_id,profile_url
A2Z GANNET,office@atoz-group.eu,www.atoz-group.eu,+371 26335050,"Raunas iela 44 K-1, Rīga, LV-1039",618,https://www.masoc.lv/en/members/member-database/618
AB METAL,balodis@metal.lv,www.metal.lv,+371 26520970,"Brīvības iela 31/33, Liepāja, LV-3401",120,https://www.masoc.lv/en/members/member-database/120
ADK,adk@adk.lv,www.adk.lv,+371 67600319,"Palsa, Pērnciems, Salas pag., Mārupes nov., LV-2105",610,https://www.masoc.lv/en/members/member-database/610
AERONES ENGINEERING,info@aerones.com,www.aerones.com,+371 28090999,"Katlakalna iela 11, Rīga, LV-1073",586,https://www.masoc.lv/en/members/member-database/586
AGAMIKS,info@agamiks.lv,www.agamiks.lv,+371 24205857,"Zemnieku iela 2, Liepāja, LV-3401",520,https://www.masoc.lv/en/members/member-database/520
AIROK,andris.arhinovics@airok.lv,www.airok.lv,+371 26133533,"Maskavas iela 433, Rīga, LV-1063",445,https://www.masoc.lv/en/members/member-database/445
AISIS,info@aisis.lv,www.aisis.lv,+371 29258420,"Krūzes, Iecava, Bauskas nov., LV-3913",666,https://www.masoc.lv/en/members/member-database/666
ALLATHERM,info@allatherm.com,www.allatherm.com,+371 29225267,"Pulka iela 3 k-7, Rīga, LV-1007",632,https://www.masoc.lv/en/members/member-database/632
APPLY,info@applyit.lv,www.applyit.lv,+371 25697383,"Ieriķu iela 5, Rīga, LV-1084",606,https://www.masoc.lv/en/members/member-database/606
ARCO COLOR LATVIJA,janis@arcocolor.lv,www.arcocolor.lv,+371 29262825,"Rīgas iela 115C, Salaspils, Salaspils novads, LV-2169",480,https://www.masoc.lv/en/members/member-database/480
ARG METINĀTAVA,info@argmetinatava.lv,www.argmetinatava.lv,+371 29888795,"Brīvības bulvāris 28-5, Jelgava, LV-3004",664,https://www.masoc.lv/en/members/member-database/664
ARITEH,info@ariteh.lv,www.ariteh.lv/,+371 26435389,"Mārtiņmuiža, Mārupe, Mārupes novads, LV-2167",554,https://www.masoc.lv/en/members/member-database/554
BALT BRAND,info@baltbrand.eu,www.baltbrand.eu,+371 67388688,"Rīgas iela 115A, Salaspils, Salaspils nov., LV-2169",461,https://www.masoc.lv/en/members/member-database/461
BALTIC BEARING COMPANY-RIGA,company@bbcr.eu,www.bbcr.eu,+371 66052525,"Traleru iela 2C, Rīga, LV-1030",454,https://www.masoc.lv/en/members/member-database/454
BALTIC OPEN SOLUTIONS CENTER,bosc@bosc.lv,www.bosc.lv,+371 29455700,"Ainažu iela 13, Saulkrasti, Saulkrastu nov., LV-2160",650,https://www.masoc.lv/en/members/member-database/650
BALTIC STEEL GROUP,info@bsg.lv,www.bsg.lv,+371 28646632,"Antenas iela 3, Rīga, LV-1004",637,https://www.masoc.lv/en/members/member-database/637
BALTIC WASTE & ENERGY GROUP,info@bweg.eu,www.bweg.eu,+371 67325673,"Mārupes iela 4, Rīga, LV-1002",661,https://www.masoc.lv/en/members/member-database/661
BALTIC ZINC TECHNICS,bzt@bzt.lv,www.bzt.lv,+371 67606431,"Antenas iela 3A, Rīga, LV-1004",379,https://www.masoc.lv/en/members/member-database/379
BALTIJAS GUMIJAS FABRIKA,info@bgfrubber.lv,www.BGFrubber.com,+371 67187534,"Vienības gatve 87D-2, Rīga, LV-1004",234,https://www.masoc.lv/en/members/member-database/234
BALTIJAS METĀLAPSTRĀDES GRUPA,info@bmgroup.lv,www.bmgroup.lv,+371 67387337,"Tēraudlietuves 23, Rīga, LV-1026",598,https://www.masoc.lv/en/members/member-database/598
BALTMA,info@baltma.lv,www.baltma.lv,+371 64207220,"Kauguru iela 19, Valmiera, Valmieras nov., LV-4201",524,https://www.masoc.lv/en/members/member-database/524
BGM INDUSTRY,elvijs@bgmindustry.lv,www.bgmindustry.lv,+371 20011351,"Tīnūžu šoseja 17, Ikšķile, Ogres nov., LV-5052",532,https://www.masoc.lv/en/members/member-database/532
BILLETWORKS,info@billetworks.eu,www.billetworks.eu,+371 28328085,"Jelgavas iela 23B, Auce, Dobeles nov., LV-3708",663,https://www.masoc.lv/en/members/member-database/663
BLESTE RAŽOŠANAS KOMERCFIRMA,info@bleste.lv,www.bleste.lv,"+371 67618760, +371 67619811","''Sloka 7122'', Jūrmala, LV-2011",539,https://www.masoc.lv/en/members/member-database/539
BMG CONSTRUCTION,office@bmgc.lv,www.bmgc.lv,+371 29250930,"Tēraudlietuves iela 24, Rīga, LV-1026",609,https://www.masoc.lv/en/members/member-database/609
BUCHER MUNICIPAL,sweepers.lv@buchermunicipal.com,www.buchermunicipal.com/lv/lv,+371 63661050,"Ganību iela 105, Ventspils, LV-3601",394,https://www.masoc.lv/en/members/member-database/394
CALJAN LSEZ,info.lv@caljan.com,www.caljan.com,+371 63489530,"Brīvības iela 142A, Liepāja, LV-3401",517,https://www.masoc.lv/en/members/member-database/517
CIEDRA PRO,info@ciedra.lv,www.ciedra.lv,+371 64264856,"Valmiermuižas iela 1, Valmiermuiža, Valmieras pag., Valmieras nov., LV-4219",432,https://www.masoc.lv/en/members/member-database/432
CNC EXPERTS,info@cncexperts.lv,www.cncexperts.lv,+371 25445777,"Šampētera iela 36, Rīga, LV-1046",622,https://www.masoc.lv/en/members/member-database/622
CNC LATVIA,info@cnclatvia.lv,www.cnclatvia.lv,+371 29455855,"Jūrkalnes iela 1 K-1, Rīga, LV-1046",651,https://www.masoc.lv/en/members/member-database/651
CNC SAAN,info@cncsaan.lv,www.cncsaan.lv,+371 25141089,"Kārļa Ulmaņa gatve 2, Rīga, LV-1004",428,https://www.masoc.lv/en/members/member-database/428
COMPOR,info@compor.lv,www.compor.eu,+371 27822444,"Institūta iela 1 K-3, Salaspils, Salaspils.nov., lv-2169",652,https://www.masoc.lv/en/members/member-database/652
CRYOGENIC AND VACUUM SYSTEMS,info@cvsys.eu,sublimat.lv,+371 24807941,"Andreja iela 7/9, Ventspils, LV-3601",634,https://www.masoc.lv/en/members/member-database/634
CUTCENTRE,cutcentre@elmemetall.lv,www.elmemetall.eu,+371 67139051,"Katlakalna iela 9A, Rīga, LV-1073",392,https://www.masoc.lv/en/members/member-database/392
CW TECHNICS,info@cwtechnics.lv,www.cwtechnics.lv,+371 26669724,"Dzelzavas iela 117, Rīga, LV-1021",669,https://www.masoc.lv/en/members/member-database/669
DAMBIS,info@dambis.com,dambis.com/lv/,+371 67387001,"Ganību dambis 24A, Rīga, LV-1005",668,https://www.masoc.lv/en/members/member-database/668
DEFENCE PARTNERSHIP LATVIA,arnis.irbens@patriagroup.com,www.patriagroup.com,+371 22463887,"Meistaru iela 4, Valmiera, Valmieras nov., LV-4201",599,https://www.masoc.lv/en/members/member-database/599
DESIGN TREE,info@designtree.lv,www.designtree.lv,+371 28673329,"Muižas iela 15, Ādaži, Ādažu nov., LV-2164",662,https://www.masoc.lv/en/members/member-database/662
DIGAS,info@digasgroup.com,digasgroup.com/,+371 29715632,"Matīsa iela 69A-22, Rīga, LV-1009",644,https://www.masoc.lv/en/members/member-database/644
DINEX LATVIA,dinex@dinex.lv,www.dinex.dk,+371 63020200,"Rubeņu ceļš 58, Raubēni, Cenu pag., Jelgavas nov., LV-3002",196,https://www.masoc.lv/en/members/member-database/196
DUROC MACHINE TOOL,info.latvia@duroc.com,www.durocmachinetool.lv,+371 67355175,"Jaunā Līgo iela 33, Berģi, Garkalnes pag., Ropažu nov., LV-1024",552,https://www.masoc.lv/en/members/member-database/552
EAST METAL,info@eastmetal.lv,www.eastmetal.com,+371 63781704 (Dobele); +371 65456001 (Daugavpils),"Uzvaras iela 55a, Dobele, Dobeles nov., LV-3701",168,https://www.masoc.lv/en/members/member-database/168
ECOHEAT TECHNOLOGIES,info@ecoheatholdings.lv,ecoheatholdings.lv,"+371 28611499, +371 25616180","Rubeņu ceļš 2B, Jelgava, LV-3002",653,https://www.masoc.lv/en/members/member-database/653
EHT FABRIK,info@ehtfabrik.com,www.ehtfabrik.com,+371 67933733,"Ozolu iela 28 k-1, Jaunmārupe, Mārupes pag., Mārupes nov., LV-2166",200,https://www.masoc.lv/en/members/member-database/200
EKO EL,info@ekoel.lv,www.ekoel.lv,+371 20034505,"Mazdzeņi, Tīnūžu pag., Ogres nov., LV-5001",452,https://www.masoc.lv/en/members/member-database/452
EMJ METĀLS,info@emjmetals.lv,www.emjmetals.lv,+371 26661153,"Džipi, Ķekavas pag., Ķekavas nov., LV-2123",378,https://www.masoc.lv/en/members/member-database/378
ENERGOFIRMA ''JAUDA'',info@jauda.com,www.jauda.com,+371 67725789,"Krustpils iela 119a, Rīga, LV-1057",425,https://www.masoc.lv/en/members/member-database/425
ENERGOLUKSS,info@energolukss.lv,www.energolukss.lv,+371 67542223,"Ulbrokas iela 46, k-2, Rīga, LV-1021",630,https://www.masoc.lv/en/members/member-database/630
ERCON,info@ercon.lv,www.ercon.lv,+371 26666158,"Dzirnavu iela 23, Saldus, Saldus nov., LV-3801",642,https://www.masoc.lv/en/members/member-database/642
ESAB OY LATVIJAS FILIĀLE,maris.zvirbulis@esab.lv,www.esab.lv,+371 29480006,"Kleistu iela 24, Rīga, LV-1067",292,https://www.masoc.lv/en/members/member-database/292
ETR AUTOMATION,etrautomation@etrautomation.lv,www.etrautomation.lv,"+371 28809442, +371 27815709","Vecstrundas, Mazsalacas pag., LV-4215",617,https://www.masoc.lv/en/members/member-database/617
EXIGUM,sales@exigum.com,www.exigum.com,+371 67673000,"Ventspils iela 50 K-6, Rīga, LV-1002",537,https://www.masoc.lv/en/members/member-database/537
FESTO,info_lv@festo.com,www.festo.lv,+371 67577864,"Gunāra Astras iela 8B, Rīga, LV-1082",327,https://www.masoc.lv/en/members/member-database/327
FILTRI,filtri@filtri.lv,www.filtri.lv,+371 67466674,"Lidostas parks 5, Vismaņi, Mārupes pag., Mārupes nov., LV-2167",580,https://www.masoc.lv/en/members/member-database/580
FLOTLIFE,ervins@flotlife.com,flotlife.com/,+371 26196743,"Mazcenu aleja 37, Jaunmārupe, Mārupes pag., Mārupes nov., LV-2166",673,https://www.masoc.lv/en/members/member-database/673
FONONS,fonons@latnet.lv,www.fonons.lv,+371 29110239,"Ropažu iela 104, Rīga, LV-1006",161,https://www.masoc.lv/en/members/member-database/161
FORBERG PRODUCTION,sales@forberg.no,www.forberg-international.com,+371 26672554,"Mālu iela 30 K-1, Rīga, LV-1058",678,https://www.masoc.lv/en/members/member-database/678
FORTES,info@fortesenergy.lv,www.fortesenergy.lv,+371 26108453,"Dzirnavu iela 41 - 3, Rīga, LV-1010",640,https://www.masoc.lv/en/members/member-database/640
GOOD STEEL,info@goodsteel.lv,www.goodsteel.lv,+371 29429734,"Vītiņkalni, Krustiņi, Inčukalna pag., Siguldas nov., LV-2141",528,https://www.masoc.lv/en/members/member-database/528
GRANĪTS,info@granits.eu,www.granits.eu,+371 26436209,"Sāremas iela 3A, Rīga, LV-1005",409,https://www.masoc.lv/en/members/member-database/409
HANSAMATRIX,info@hansamatrix.com,www.hansamatrix.com,+371 67400001,"Zemzaru iela 3, Mārupe, LV-2167",498,https://www.masoc.lv/en/members/member-database/498
HEIDELBERG MATERIALS SBC LATVIA,info@sbc.lv,www.sbc.lv,+371 67408383,"Zeltiņu iela 130, Mārupe, Mārupes nov., LV-2167",358,https://www.masoc.lv/en/members/member-database/358
HES1,info@hes1.lv,www.hes1.lv,+371 22304752,"Piedrujas iela 11, birojs 214, Rīga, LV-1073",506,https://www.masoc.lv/en/members/member-database/506
ICS STEEL,info@icssteel.lv,www.icssteel.eu,"+371 26744557, +371 26688466","Meldru iela 8, Liepāja, LV-3401",604,https://www.masoc.lv/en/members/member-database/604
INDUCONT,office.riga@inducont.lv,www.inducont.com,+371 22078773,"Rītausmas iela 11B, Rīga, LV-1058",659,https://www.masoc.lv/en/members/member-database/659
INDUSTRY PARTNER LIMITED,office@industrypartner.lv,www.industrypartner.lv,+371 67806030,"Daugavgrīvas šoseja 6B, Rīga, LV-1016",295,https://www.masoc.lv/en/members/member-database/295
INFLUX FABRICATION,info@influx.lv,www.influx.lv,+371 26282883,"Cieceres iela 2A, Ciecere, Skrundas pag., Kuldīgas nov., LV-3326",667,https://www.masoc.lv/en/members/member-database/667
IR CNC,info@ircnc.eu,www.ircnc.lv,+371 23379250,"Robežu iela 6/24, Cēsis, Cēsu nov., LV-4101",675,https://www.masoc.lv/en/members/member-database/675
IRT,irt@irt.lv,www.irt.lv,+ 371 67381957,"Aptiekas iela 21, Rīga, LV-1005",231,https://www.masoc.lv/en/members/member-database/231
ISP OPTICS LATVIA,ISPinfo@lightpath.com,www.lightpath.com,+371 67323779,"Ganību dambis 24A, k-13, Rīga, LV-1005",310,https://www.masoc.lv/en/members/member-database/310
JGT SOLUTION,aleksandrs@jgt.lv,www.jgt.lv,+371 22025321,"Eksporta iela 3, Tukums, Tukuma nov., LV-3104",614,https://www.masoc.lv/en/members/member-database/614
KARCHER TECHNOLOGY LATVIA,info.ktl@kaercher.com,www.karcher.com/lv/sikak-par-kaercher/uznemums/par-kaercher.html,+371 63050749,"Langervaldes iela 5, Raubēni, Cenu pag., Jelgavas nov., LV-3002",672,https://www.masoc.lv/en/members/member-database/672
KATKOM,info@katkom.lv,www.katkom.lv,+371 26405933; +371 29600382,"Jaunciema gatve 233, Rīga, Latvija, LV-1023",481,https://www.masoc.lv/en/members/member-database/481
KENGURU PRO,info@kengurupro.eu,www.kengurupro.eu,+371 29438618,"Lauteres iela 4, Rīga, LV-1002",658,https://www.masoc.lv/en/members/member-database/658
KERAMSERVISS,info@keramserviss.lv,www.keramserviss.lv,+371 27886660,"Podnieku iela 21, Ādaži,",311,https://www.masoc.lv/en/members/member-database/311
KIWA LATVIA,latvia@kiwa.com,www.kiwa.com/lv,+371 67607900,"Skanstes iela 54, Rīga, LV-1013",271,https://www.masoc.lv/en/members/member-database/271
KNAUF,signe.raupe@knauf.com; info-lv@knauf.com,www.knauf.lv,+371 67032999,"Institūta iela 108, Saurieši, Stopiņu pagasts, Ropažu novads, LV-2118",601,https://www.masoc.lv/en/members/member-database/601
KNK MEFAB,info@mefab.lv,www.mefab.lv,+371 25549027,"Jaunkūlu iela 21, Ādaži, LV-2164",417,https://www.masoc.lv/en/members/member-database/417
KONECRANES LATVIJA,info.latvia@konecranes.com,www.konecranes.com,+371 67394491,"Mazā Krasta iela 83, Rīga, LV-1003",551,https://www.masoc.lv/en/members/member-database/551
KONTMET,info@kontmet.lv,www.kontmet.lv,+371 29646871,"Kļavkalnu iela1-1,Ozolkalns,Beļavas pag.,Gulbenes nov.LV-4410",471,https://www.masoc.lv/en/members/member-database/471
L-EKSPRESIS,info@l-ekspresis.eu,www.l-ekspresis.lv,+371 67897650,"Kalna iela 68A, Rīga, LV-1003",400,https://www.masoc.lv/en/members/member-database/400
LANOS,info@lanos.lv,,+371 26130932,"SIA LANOS, Autocentrs, Kalnsētas, Cieceres pagasts, Saldus novads, LV-3851",629,https://www.masoc.lv/en/members/member-database/629
LARTA 1,larta@apollo.lv,www.larta.lv,+371 29462625,"Strādnieku šķērsiela 7, Rēzekne, LV-4604",151,https://www.masoc.lv/en/members/member-database/151
LATVIJAS FINIERIS IEKĀRTU RŪPNĪCA,ir@finieris.lv,www.iekarturupnica.lv,"+371 67067045, +371 28601423","Lignuma iela 2, Rīga, LV-1016",204,https://www.masoc.lv/en/members/member-database/204
LINDA-1,info@abas.lv,www.abas.lv,+371 29284179,"Sabiles iela 2, Kandava, Kandavas novads, LV-3120",433,https://www.masoc.lv/en/members/member-database/433
LINDE GAS,linde.lv@linde.com,www.linde-gas.lv,+371 67023900,"Skanstes iela 25, Rīga, LV-1013",389,https://www.masoc.lv/en/members/member-database/389
LOM.LV UZŅĒMUMS,ofiss@lom.lv,www.lom.lv,"+371 80003800, +371 29999797","Spilves iela 6A, Rīga, LV-1055",597,https://www.masoc.lv/en/members/member-database/597
LRTDEA TUV RHEINLAND GROUP,tuv@tuv.lv,www.tuv.lv,"+371 67568605, 67568607","Sāremas iela 3, Rīga, LV-1005",189,https://www.masoc.lv/en/members/member-database/189
LS STEEL,info@lssteel.lv,www.lssteel.lv,+371 25333338,"Ražotne - Robežu iela 5, Ventspils, LV-3601",558,https://www.masoc.lv/en/members/member-database/558
LV-TEH,info@lvteh.lv,www.lvteh.lv,+371 29942343,"Brīvības gatve 197 B, Rīga, LV-1039",655,https://www.masoc.lv/en/members/member-database/655
LYKKEGAARD,info@lykkegaard.lv,,+371 29273700,"Kokaudzētavas iela 9, Zaļenieki, Zaļenieku pag., Jelgavas nov., LV-3011",660,https://www.masoc.lv/en/members/member-database/660
MALMAR SHEET METAL,info@malmar.eu,www.malmar.eu,+371 63628989,"Ganību iela 107, Ventspils, LV-3601",418,https://www.masoc.lv/en/members/member-database/418
MARCEGAGLIA BALTICS,baltics@marcegaglia.com,www.baltics.marcegaglia.com/,+371 26571599,"Starta iela 13, Rīga, LV-1039",638,https://www.masoc.lv/en/members/member-database/638
MARMORS,info@marmors.lv; alex@marmors.lv,www.marmorsgroup.com,+371 67931347; +371 67931348; +371 28330287,"Gaismas iela 11, Stūnīši, Olaines novads,  LV-2127",126,https://www.masoc.lv/en/members/member-database/126
MASOC,masoc@masoc.lv,www.masoc.lv,+371 67554825,"Brīvības gatve 223, Rīga, LV-1039",439,https://www.masoc.lv/en/members/member-database/439
MECHANIKA ENGINEERING,info@mehanika.lv,www.mehanika.lv,"+371 64905899, +371 27334881","Klijānu iela 14, Rīga, LV-1013",643,https://www.masoc.lv/en/members/member-database/643
METAL PRINT,info@metalprint.lv,www.metalprint.lv,+371 28778208,"Kalnciema iela 67, Rīga, LV-1046",493,https://www.masoc.lv/en/members/member-database/493
METĀRO,info@metaro.lv,www.metaro.lv,+371 62202259,"Cempu iela 21A, Valmiera, Valmieras nov., LV-4201",142,https://www.masoc.lv/en/members/member-database/142
METKON,metkon@metkon.lv,www.metkon.lv,+371 67607820,"Jūrmalas gatve 32, k-4, Rīga, LV-1083",621,https://www.masoc.lv/en/members/member-database/621
METPRO,info@metpro.lv,www.metpro.lv,+371 24777999,"Kalna iela 3A, Gardene, Auru pag., Dobeles nov., LV-3701",421,https://www.masoc.lv/en/members/member-database/421
METSATEK,info@metsatek.eu,metsatek.eu,+371 26416999,"Kaldari, Ķekavas nov. Ķekavas pag., LV-2123",595,https://www.masoc.lv/en/members/member-database/595
MW KONSTRUKCIJAS,metal@mwkonstrukcijas.lv,,+371 67971125,"Pulkveža Brieža 113, Sigulda, LV-2150",124,https://www.masoc.lv/en/members/member-database/124
NAGLIS & ERR,info@naglis-err.com,www.naglis-err.com,+371 66100336,"Uzvaras prospekts 1C, Baloži, Ķekavas nov., LV-2128",283,https://www.masoc.lv/en/members/member-database/283
NIDIJA,info@nidija.lv,www.nidija.lv,+371 67551228,"Krustabaznīcas iela 4, Rīga, LV-1006",608,https://www.masoc.lv/en/members/member-database/608
NOOK SERVISS,info@nookserviss.lv,www.nookserviss.lv,+371 64633672,"Noliktavu iela 10, Rēzekne, LV-4604",453,https://www.masoc.lv/en/members/member-database/453
NORD STYLE Ltd,info@nordstyle.eu,www.nordstyle.eu,"+371 26336133, +37129116363","Slokas iela 52G, Rīga, LV-1007",548,https://www.masoc.lv/en/members/member-database/548
OY MEKANEX AB LATVIJAS FILIĀLE,edgars.ansevics@mekanex.se,www.mekanex.lv,+371 26035549,"Zaļā iela 1, Rīga, LV-1010",677,https://www.masoc.lv/en/members/member-database/677
PALMER GROUP,laazers123@inbox.lv,www.lazergriesana.lv,+371 20022044,"Lejupes iela 6, Ādaži, Ādažu nov., LV-2164",633,https://www.masoc.lv/en/members/member-database/633
PBS LV,info@pbs.lt,www.pbs.lt,+370 61572257,"Brīvības gatve 204 B, Rīga, LV-1039",442,https://www.masoc.lv/en/members/member-database/442
PERUZA,office@peruza.com,peruza.com,+371 67248036,"Lejasrandoti, Mucenieki, Ropažu pag., Ropažu nov., LV-2137",141,https://www.masoc.lv/en/members/member-database/141
PESLAKS METĀLAPSTRĀDE,rudolfs@peslaks.lv,www.peslaks.lv,+371 28378614,"Ziedu iela 21, Ikšķile, Ogres nov., LV-5052",519,https://www.masoc.lv/en/members/member-database/519
PLANTECH,office@plantech.lv,www.plantech.lv,+371 25999603,"Plānupes iela 29A, Inčukalns, Siguldas nov. LV-2141",649,https://www.masoc.lv/en/members/member-database/649
PLOCKMATIC RIGA,eva.dadze@plockmatic.com,www.plockmaticgroup.com/,+371 22464240,"Vismaņi k-2, Mārupes pag., Mārupes nov., LV-2167",635,https://www.masoc.lv/en/members/member-database/635
POLIPRODEST,info@poliprodest.com,www.poliprodest.com,+371 63086998,"Rubeņu ceļš 2, Jelgava, LV-3002",371,https://www.masoc.lv/en/members/member-database/371
PRECO,preco@preco.lv,www.preco.lv,+371 65071850,"Dravnieku iela 16, Lielvārde, Ogres nov., LV-5070",238,https://www.masoc.lv/en/members/member-database/238
PRINTPACK SERVICE,printpack@printpack.lv,www.printpack.lv,+371 67818007,"Piedrujas iela 7a, Rīga, LV-1073",596,https://www.masoc.lv/en/members/member-database/596
PROMETAL GROUP,info@prometals.lv,www.prometalgroup.lv,+371 65071498,"Vidzemes iela 5A, Ogre, Ogres nov., LV-5001",143,https://www.masoc.lv/en/members/member-database/143
PRORING LATVIA,info@proring.lv,www.proring.lv,+371 29501133,"Daugavgrīvas iela 63B, Rīga, LV-1005",620,https://www.masoc.lv/en/members/member-database/620
RAILWAY MOTION SYSTEMS,jr@y25.lv,www.r-ms.lv,+371 26469112,"Gustava Zemgala gatve 77 k-2, Rīga, LV-1039",522,https://www.masoc.lv/en/members/member-database/522
RB METĀLS,abo@rbmetals.eu,www.rbmetals.eu,+371 29566343,"Rubeņu ceļš 2D, Jelgava, LV-3002",555,https://www.masoc.lv/en/members/member-database/555
RESERV INC,reserv@reserv.lv; birojs@reserv.lv,www.reserv.lv,"+371 20110007, +371 27022152","Liepnieku iela 10; 16, Brocēni, LV-3851",270,https://www.masoc.lv/en/members/member-database/270
RĪGAS DĪZELIS DG,info@rigasdizelis.com,www.rigasdizelis.lv,+371 67381894,"Ganību dambis 36, Rīga, LV-1005",224,https://www.masoc.lv/en/members/member-database/224
RIKON,rikon@rikon.lv,www.rikon.lv,+371 67393156,"Tvaika iela 68B, Rīga, LV-1034",239,https://www.masoc.lv/en/members/member-database/239
RIMANS,info@rimans.lv,www.rimans.eu,+371 67459620; +371 67613163; +371 67617167,"Dzirciema 119 k-1, Rīga, LV-1055",227,https://www.masoc.lv/en/members/member-database/227
RĪTAUSMAS STEEL CONSTRUCTIONS,info@rs-steel.lv,www.rs-steel.lv,+371 67717034; +371 29526391,"Rītausmas iela 16, Rīga, LV-1058",603,https://www.masoc.lv/en/members/member-database/603
RIX,info@rix.lv,www.rix.lv,+371 67892011,"Rītausmas iela 23, Rīga, LV-1058",665,https://www.masoc.lv/en/members/member-database/665
RNA TECHNOLOGY,info@rna-tech.com,www.rna-tech.com,+371 29464979,"Inženieru iela 101, Ventspils, LV-3601",509,https://www.masoc.lv/en/members/member-database/509
RUBATE METAL,info@rmetal.lv,www.rubatemetal.lv,+371 64430377,"Baložu iela 4, Gulbene, Gulbenes novads, LV-4401",125,https://www.masoc.lv/en/members/member-database/125
RULONAS,kaspars@rulonas.com,www.rulonas.com,+371 28377347,"Daugavgrīvas iela 81 k-2, Rīga, LV-1007",628,https://www.masoc.lv/en/members/member-database/628
SANISTAL,sanistal@sanistal.lv,www.sanistal.lv,+371 67018600,"Tīraines iela 9, Rīga, LV-1058",670,https://www.masoc.lv/en/members/member-database/670
SCANDICAST,scandicast@scandicast.com,www.scandicast.com,+371 25716959,"Biķernieku iela 18, Rīga, LV-1039",192,https://www.masoc.lv/en/members/member-database/192
SCANDMETALL,info@scandmetall.lv,www.scandmetall.lv,+371 20260777,"Līvu iela 15, Ikšķile, Ogres nov., LV-5052",427,https://www.masoc.lv/en/members/member-database/427
SERTIFIKA,info@sertifika.lv,www.sertifika.lv,+371 29276906,"Juglas iela 14B, Rīga, LV-1024",641,https://www.masoc.lv/en/members/member-database/641
SERTIFIKĀCIJAS UN TESTĒŠANAS CENTRS,info@stc.lv,www.stc.lv,+371 64130013,"Dārza iela 12, Priekuļi, Priekuļu pag., Cēsu nov., LV-4126",280,https://www.masoc.lv/en/members/member-database/280
SFM LATVIA,nauris@sfm.lv,www.sfm.lv,+371 63082014,"Langervaldes iela 3, Jelgava, LV-3002",382,https://www.masoc.lv/en/members/member-database/382
SIGNUM,signum@signum.lv,www.signum.lv,+371 63023200,"Lietuvas šoseja 2E, Jelgava, LV-3001",255,https://www.masoc.lv/en/members/member-database/255
SILMOR,info@silmor.eu,www.silmor.eu,+371 29129238,"Brīvības gatve 323, Rīga, LV-1006",99,https://www.masoc.lv/en/members/member-database/99
SMARTTEH,sales@smartteh.eu,www.smartteh.eu,+371 20299021,"Institūta iela 1D, Ulbroka, Stopiņu pag., Ropažu nov., LV-2130",488,https://www.masoc.lv/en/members/member-database/488
SMC AUTOMATION,info.lv@smc.com,www.smc.eu/lv-lv,+371 67817700,"Dzelzavas iela 117, Rīga, LV-1021",384,https://www.masoc.lv/en/members/member-database/384
SOLCON,projekti@solcon.lv,,+371 29909053,"Aizupes, Glūdas pag., Jelgavas nov., LV-3040",648,https://www.masoc.lv/en/members/member-database/648
STARS MET,info@starsmet.com,www.starsmet.com,+371 25550011,"A. Pumpura iela 100, Daugavpils, LV-5404",523,https://www.masoc.lv/en/members/member-database/523
STEEL CONSTRUCTIONS,info@steelconstructions.lv,www.steelconstructions.lv/,+371 22181181,"Trubiņas, Turkalne, Tīnūžu pag., Ogres nov., LV-5015",639,https://www.masoc.lv/en/members/member-database/639
STEEL PROFI,info@steelprofi.lv,www.steelprofi.lv,+371 29258562,"Dārzciema iela 60D, Rīga, LV-1073",513,https://www.masoc.lv/en/members/member-database/513
STEEL WORK,info@steelwork.lv,www.steelwork.lv,+371 22429565,"Nautrēnu iela 12, Rīga, LV-1079",463,https://www.masoc.lv/en/members/member-database/463
STOKKER,birojs@stokker.com,www.stokker.lv,+371 67245561,"Krasta iela 42, Rīga, LV-1003",612,https://www.masoc.lv/en/members/member-database/612
TECHNOWAY INDUSTRIES,info@technoway.lv,www.technoway.lv,+371 28665502,"Jelgavas iela 88-12, Rīga, LV-1004",396,https://www.masoc.lv/en/members/member-database/396
TEMESO,renars@temeso.lv,www.temeso.lv,+371 26139393,"Čiekurkalna 1. līnija 56, Rīga, LV-1026",510,https://www.masoc.lv/en/members/member-database/510
TĒRAUDS & KOMPONENTI,uddeholm@teraudslat.lv,www.uddeholm.com,+371 67702133,"Piedrujas iela 7, Rīga, LV-1073",96,https://www.masoc.lv/en/members/member-database/96
TETRALIA,alex@marmors.lv,www.tetralia.lv,+371 67146580,"Gaismas 11, Stūnīši, Olaines nov., LV-2127",518,https://www.masoc.lv/en/members/member-database/518
TIBNOR LATVIA,metals.lv@tibnor.com,www.tibnor.lv,+371 29187841,"Ābelīšu iela 2, Mārupe, Mārupes nov., LV-2167",534,https://www.masoc.lv/en/members/member-database/534
TIKKURILA,tla-info.lv@ppg.com,www.tikkurila.lv,+371 67611135,"Krūzes iela 23 K-3, Rīga, LV-1046",538,https://www.masoc.lv/en/members/member-database/538
TKL,edgars@tkl.lv,www.tkl.lv,+371 29139885,"Ūnijas iela 12, Rīga, LV-1084",356,https://www.masoc.lv/en/members/member-database/356
TOGET,toget@toget.lv,www.toget.lv,+371 27276018,"Rožu pr.48B, Garkalnes pag., Ropažu nov., LV-1024",619,https://www.masoc.lv/en/members/member-database/619
TORGY BALTIC,torgy.baltic@torgy.no,www.torgy.no,+371 63084888,"Eglaines iela 13, Ozolnieki, Ozolnieku pag., Jelgavas nov., LV-3018",466,https://www.masoc.lv/en/members/member-database/466
TS RĪGA,dderaedt@groupesee.com,www.ts-industrie.eu,+371 63020330,"Aviācijas iela 18A, Jelgava, LV-3004",386,https://www.masoc.lv/en/members/member-database/386
TUV NORD BALTIK,info@tuv-nord.lv,www.tuv-nord.lv,+371 24990980,"Pulka iela 3, Rīga, LV-1007",404,https://www.masoc.lv/en/members/member-database/404
UNITRUCK,info@unitruck.lv,www.unitruck.lv,+371 29188645,"Piebalgas iela 95, Cēsis, Cēsu nov., LV-4101",679,https://www.masoc.lv/en/members/member-database/679
VAIROGS-M,office@vairogsm.com,www.vairogsm.lv,+371 67801628,"Gustava Zemgala gatve 85, Rīga, LV-1039",215,https://www.masoc.lv/en/members/member-database/215
VALPRO,valpro@valpro.lv,www.valpro.lv,+371 64207240,"Linarda Laicena iela 2, Valmiera, Valmieras nov., LV-4201",284,https://www.masoc.lv/en/members/member-database/284
VALTANKS,valtanks@valtanks.lv,www.valtanks.lv,+371 64221047,"Cempu iela 23, Valmiera, Valmieras nov., LV-4201",398,https://www.masoc.lv/en/members/member-database/398
VBC GRUP,info@vbc.lv,www.vbc.lv,+371 28232293,"Gaismas iela 11, Stūnīši, Olaines pag., Olaines nov., LV-2127",671,https://www.masoc.lv/en/members/member-database/671
VENTSPILS METINĀŠANAS RŪPNĪCA,birojs@vmr.lv,www.vmr.lv,+371 63602390,"Rūpniecības iela 39, Ventspils, LV-3601",411,https://www.masoc.lv/en/members/member-database/411
VIC TEC,office@victec.lv,www.victec.lv,+371 22402659,"Aizputes iela 1, K-5, Rīga, LV-1046",647,https://www.masoc.lv/en/members/member-database/647
VILVE,vilve.sia@gmail.com,,+371 29681324,"Krustpils iela 15 - 2, Rīga, LV-1073",674,https://www.masoc.lv/en/members/member-database/674
VLAVI RESURSS,info@vlavi.com,www.vlavi.com,,"Daugavgrīvas iela 83, Rīga, LV-1007",615,https://www.masoc.lv/en/members/member-database/615
VR CARS,info@vrcars.eu,www.vrcars.eu,+371 29211639,"Loka ceļš 49, Jaunmārupe, LV-2166",605,https://www.masoc.lv/en/members/member-database/605
VRV TRADING,info@vrvmetals.lv,www.vrvmetals.lv,+371 28778668,"Pļavas iela 5, Cēsis, Cēsu nov., LV-4101",462,https://www.masoc.lv/en/members/member-database/462
WALDEC GROUP (LATVIA),latvia@waldecgroup.com,www.waldecgroup.com/,+371 27027956,"Atmodas 19, Jelgava, LV-3007",521,https://www.masoc.lv/en/members/member-database/521
WEMPS,info@wemps.eu,www.wemps.eu,+371 28632868,"Straupes iela 3, Rīga, LV-1073",600,https://www.masoc.lv/en/members/member-database/600
ZIEGLER,ziegler@ziegler.lv,www.ziegler-gmbh.com,+371 65404111,"Spaļu iela 3, Daugavpils, LV-5404",97,https://www.masoc.lv/en/members/member-database/97
ZIPPY VISION,info@zippyvision.com,www.zippyvision.com,+371 27770068,"Latgales iela 227, Rīga, LV-1019",541,https://www.masoc.lv/en/members/member-database/541
ZN METALS,jz@znmetals.lv,www.znmetals.lv,+371 29555987,"Aviācijas 18E, Jelgava, LV-3004",326,https://www.masoc.lv/en/members/member-database/326
ŽOGU FABRIKA,sales@zogufabrika.lv,www.zogufabrika.lv,+371 67214165,"Kalnciema ceļš 134A, Jelgava, LV-3002",467,https://www.masoc.lv/en/members/member-database/467
